{
  "author": "BuildFire",
  "pluginName": "Default Template - ken [QA] 22",
  "pluginDescription": "Bare bones plugin showing simple autonomy of a plugin",
  "supportEmail": "devSupport@buildfire.com",
  "control": {
    "content": {
      "enabled": true
    },
    "design": {
      "enabled": false
    },
    "settings": {
      "enabled": false
    },
    "customTabs": [
      {
        "title": "Tests",
        "url": "/tests/index.html?random=false&stopOnSpecFailure=true"
      }
    ]
  },
  "widget": {},
  "features": [],
  "languages": ["en"]
}
